ch1,wd1,sen1,att_0,att_1,att_2,att_3,att_4,att_5,att_6,att_7,att_8,att_9,att_10,att_11,att_12,att_13,att_14,att_15,att_16,att_17,att_18,att_19,att_20,att_21,att_22,att_23,att_24,att_25,att_26,att_27,att_28,att_29,att_30,att_31,att_32,att_33,att_34,att_35,att_36,att_37,att_38,att_39,att_40,att_41,att_42,att_43,att_44,att_45,att_46,att_47,att_48,att_49,att_50,att_51,att_52,att_53,att_54,att_55,att_56,att_57,att_58,att_59,att_60,att_61,att_62,att_63,att_64,att_65,att_66,att_67,att_68,att_69,att_70,att_71,att_72,att_73,att_74,att_75,att_76,att_77,att_78,att_79,att_80,att_81,att_82,att_83,att_84,att_85,att_86,att_87,att_88,att_89,att_90,att_91,att_92,att_93,att_94,att_95,att_96,att_97,att_98,att_99,att_100,att_101,att_102,att_103,att_104,att_105,att_106,att_107,att_108,att_109,att_110,att_111,att_112,cls
1786.0,410.0,28.0,0.008,0.021,0.006,0.049,0.009,0.012,0.011,0.011,0.006,0.004,0.002,0.02,0.006,0.003,0.002,0.002,0.004,0.013,0.011,0.008,0,0.015,0.005,0.006,0.003,0.009,0.002,0,0.014,0,0.001,0.003,0.001,0,0.007,0.003,0.004,0.001,0.004,0.001,0,0.001,0.002,0.002,0.002,0.002,0.001,0.002,0.001,0,0.001,0,0.001,0,0,0,0.001,0.001,0.001,0,0.006,0.001,0.001,0,0.002,0,0.002,0,0,0,0,0,0,0,0,0,0.001,0.003,0,0,0.002,0.002,0.002,0,0,0.002,0.003,0.005,0,0,0.001,0,0,0,0,0,0,0,0.001,0,0.001,0.008,0.001,0,0,0,0,0,0,0,0,0,0,10
1446.0,328.0,28.0,0.005,0.013,0.004,0.031,0.006,0.008,0.007,0.007,0.004,0.003,0.001,0.012,0,0.001,0.001,0.001,0.003,0.008,0.007,0.005,0.001,0.01,0.003,0.004,0.002,0.006,0.001,0,0.009,0,0.001,0.002,0.001,0,0.005,0.002,0.003,0.001,0.003,0,0,0.001,0.001,0.002,0.001,0.001,0,0.002,0.001,0,0.001,0,0.001,0.001,0,0,0,0.001,0.001,0,0.004,0.001,0.002,0,0.002,0,0,0,0,0,0,0.002,0,0,0,0,0.001,0,0,0,0.001,0.003,0,0,0.001,0.002,0.002,0,0,0,0,0,0,0,0,0,0,0,0,0,0,0.005,0.001,0,0,0,0,0,0,0,0,0,0.001,10
1862.0,407.0,24.0,0.01,0.025,0.007,0.056,0.012,0.014,0.013,0.013,0.007,0.005,0.003,0.023,0.001,0.002,0.002,0.002,0.005,0.015,0.012,0.01,0.002,0.018,0.005,0.007,0.004,0.01,0.001,0,0.016,0,0.002,0.003,0.002,0,0.008,0.004,0.005,0.001,0.004,0.001,0,0.001,0.003,0.003,0.003,0.002,0.001,0.004,0.001,0,0.004,0,0.001,0,0.001,0,0.001,0.001,0.001,0,0.007,0.001,0.002,0,0.003,0,0.001,0,0.001,0.002,0.001,0.002,0.001,0.003,0.001,0.002,0.001,0,0,0,0,0.004,0,0,0.001,0.003,0.004,0,0.001,0.001,0,0.001,0,0.001,0,0,0.001,0,0.001,0.001,0.001,0.01,0.001,0,0,0,0,0,0,0,0,0,0.002,10
1962.0,508.0,29.0,0.005,0.013,0.004,0.029,0.006,0.008,0.007,0.007,0.004,0.003,0.002,0.012,0,0.001,0.002,0.002,0.003,0.008,0.006,0.005,0.001,0.009,0.003,0.004,0.002,0.006,0,0,0.008,0.001,0.001,0.002,0.001,0.001,0.004,0.002,0.003,0.001,0,0,0,0.001,0.002,0.002,0.002,0.001,0.001,0.002,0.001,0.001,0.002,0.001,0.002,0.001,0.001,0.001,0.001,0.001,0.001,0,0.004,0.001,0.001,0,0.001,0,0.001,0.001,0.001,0.001,0.001,0.001,0,0.002,0,0.001,0.001,0.001,0,0,0,0.002,0,0.001,0.001,0.002,0.002,0.001,0.002,0,0,0,0,0.001,0,0,0,0,0,0.003,0.002,0.005,0.001,0,0,0,0,0,0,0,0,0,0.003,10
260.0,53.0,4.0,0.016,0.044,0.011,0.102,0.02,0.025,0.024,0.024,0.013,0.009,0.004,0.039,0.004,0.004,0.004,0.004,0.008,0.028,0.022,0.017,0.002,0.032,0.01,0.012,0.007,0.018,0.004,0.001,0.029,0,0.003,0.006,0.001,0.001,0.015,0.006,0.008,0.001,0.01,0.002,0,0.001,0.003,0.005,0.004,0.004,0.001,0.005,0.002,0,0.001,0.001,0.005,0,0.003,0,0,0.002,0.001,0.001,0.012,0.002,0.002,0.001,0.006,0,0.003,0,0.001,0,0.001,0.002,0.001,0.003,0.001,0.001,0.001,0.001,0.001,0.001,0.003,0.005,0.003,0,0.001,0.005,0.007,0.003,0.002,0.001,0.001,0.001,0,0.001,0,0.001,0.001,0.001,0.003,0,0.002,0.018,0.002,0,0.001,0.001,0,0,0,0.001,0.001,0.001,0.002,10
1388.0,319.0,25.0,0.012,0.034,0.008,0.082,0.015,0.019,0.019,0.019,0.01,0.007,0.002,0.029,0,0.002,0.003,0.004,0.007,0.022,0.018,0.013,0,0.024,0.007,0.01,0.005,0.014,0.003,0,0.023,0,0.002,0.005,0.001,0.001,0.012,0.004,0.006,0.001,0.008,0.001,0,0,0,0.004,0.004,0.003,0.001,0.002,0.001,0,0.003,0,0.001,0.001,0.001,0,0.001,0.002,0.002,0,0.011,0.002,0.002,0,0.004,0,0.004,0.001,0.003,0.002,0.002,0.001,0.003,0.007,0.003,0.003,0,0.002,0.001,0.001,0.006,0.003,0.004,0,0.001,0.003,0.005,0.001,0,0,0.001,0.001,0,0,0,0.001,0.001,0.001,0.001,0,0.001,0.014,0.002,0.001,0.001,0.001,0.001,0,0.001,0.002,0.001,0.001,0.001,8
2048.0,435.0,25.0,0.008,0.021,0.006,0.047,0.009,0.011,0.011,0.011,0.006,0.005,0.002,0.019,0,0.002,0.002,0.003,0.004,0.013,0.01,0.008,0,0.015,0.005,0.006,0.004,0.009,0,0.001,0.013,0.001,0.002,0.003,0.001,0,0.007,0.003,0.004,0.001,0.002,0,0.001,0.001,0.002,0.003,0.003,0.002,0.001,0.003,0.001,0.001,0.001,0.001,0.002,0.002,0.001,0.001,0.002,0.002,0.002,0,0.007,0.001,0,0,0.002,0.001,0.001,0.001,0,0.001,0,0,0,0,0,0,0.001,0.001,0,0,0.002,0.002,0.002,0.001,0.001,0.002,0.003,0,0.002,0,0.001,0,0.001,0.001,0,0,0,0.001,0,0.004,0.001,0.008,0.001,0.001,0.001,0.001,0.001,0.001,0,0.001,0.001,0.001,0,12
1995.0,485.0,36.0,0.004,0.011,0.003,0.024,0.005,0.006,0.006,0.006,0.003,0.003,0.001,0.01,0.001,0.001,0.001,0.001,0.002,0.007,0.005,0.004,0.001,0.008,0.003,0.003,0.002,0.005,0,0.001,0.007,0.001,0.001,0.002,0.001,0,0.004,0.002,0.002,0.001,0.001,0,0.001,0.001,0.001,0.002,0.002,0.001,0.001,0.002,0.001,0,0.001,0.001,0.001,0.002,0.001,0.001,0.001,0.001,0.001,0,0.003,0.001,0.002,0,0.001,0,0.001,0,0,0.001,0,0.001,0,0.001,0,0.001,0.001,0,0.001,0,0.001,0.002,0,0.001,0.001,0.001,0.002,0.001,0.001,0,0,0,0,0.001,0,0,0,0.001,0,0.002,0.002,0.004,0.001,0.001,0.001,0.001,0.001,0.001,0.001,0.002,0.001,0.001,0.001,10
1530.0,373.0,20.0,0.008,0.021,0.006,0.048,0.009,0.011,0.011,0.011,0.006,0.004,0.002,0.019,0,0.002,0.002,0.002,0.004,0.013,0.01,0.008,0,0.015,0.005,0.006,0.003,0.008,0.001,0,0.014,0,0.001,0.003,0.001,0,0.007,0.003,0.004,0.001,0.004,0.001,0,0.001,0.003,0.002,0.002,0.001,0.001,0.003,0.001,0,0.003,0,0.001,0,0.001,0,0.001,0.001,0.001,0,0.006,0.001,0.001,0,0.002,0,0.002,0,0.001,0.001,0.001,0,0,0.002,0,0.001,0.001,0.001,0,0,0.004,0.001,0.002,0,0,0.002,0.003,0,0,0,0,0,0,0,0,0,0,0,0.001,0,0.001,0.008,0.001,0,0,0,0,0,0,0,0,0,0.001,8
1440.0,370.0,14.0,0.005,0.013,0.003,0.03,0.006,0.008,0.007,0.007,0.004,0.003,0.001,0.012,0,0.001,0.001,0.002,0.003,0.008,0.006,0.005,0.001,0.009,0.003,0.004,0.002,0.006,0.001,0,0.008,0,0.001,0.002,0,0,0.004,0.002,0.002,0.001,0.002,0,0,0.001,0.001,0.002,0.002,0.001,0,0.002,0.001,0,0,0,0,0.001,0,0,0.001,0.001,0.001,0,0.004,0.001,0.001,0,0.001,0,0,0,0,0,0,0.001,0,0,0,0,0.001,0.001,0,0,0,0.002,0,0.001,0.001,0.002,0.002,0,0.001,0,0,0,0,0.001,0,0,0,0,0,0.001,0.002,0.005,0.001,0,0,0,0,0,0,0,0,0,0.001,8
2385.0,533.0,28.0,0.01,0.024,0.007,0.053,0.01,0.013,0.012,0.013,0.007,0.005,0.003,0.023,0.001,0.003,0.002,0.002,0.004,0.015,0.011,0.009,0,0.018,0.005,0.007,0.004,0.01,0.002,0,0.015,0.001,0.002,0.003,0.003,0.001,0.008,0.004,0.004,0.002,0.004,0,0,0.001,0.005,0.002,0.003,0.002,0.001,0.005,0.002,0.001,0.006,0.001,0,0,0,0.001,0.001,0.001,0.001,0,0.006,0.001,0,0,0.002,0,0.002,0,0.003,0.003,0.002,0.001,0.002,0.006,0.002,0.003,0.001,0,0,0,0.003,0.002,0.002,0,0,0.002,0.003,0,0.001,0,0,0.001,0,0,0,0,0.001,0,0.001,0.001,0.002,0.009,0.001,0,0,0,0,0,0,0.001,0,0,0.002,9
1807.0,411.0,29.0,0.013,0.037,0.01,0.087,0.016,0.02,0.02,0.02,0.01,0.007,0.003,0.033,0.001,0.003,0.003,0.003,0.007,0.024,0.019,0.014,0.001,0.027,0.008,0.01,0.006,0.015,0.003,0,0.025,0,0.002,0.005,0.001,0,0.013,0.005,0.006,0.001,0.009,0.001,0,0.001,0.002,0.004,0.004,0.002,0.001,0.004,0.001,0,0.001,0.001,0.003,0.001,0.002,0,0,0.002,0.001,0.001,0.011,0.002,0.003,0.001,0.004,0,0.005,0,0,0,0,0.001,0.001,0.002,0.001,0,0.001,0.002,0.001,0.001,0.008,0.002,0.005,0.001,0.001,0.003,0.005,0,0.001,0.001,0.001,0.001,0,0,0,0.001,0.001,0.001,0.002,0.001,0.003,0.015,0.002,0.001,0.001,0.001,0.001,0,0.001,0.002,0.001,0.001,0.005,10
1067.0,273.0,9.0,0.01,0.026,0.007,0.06,0.011,0.014,0.014,0.014,0.007,0.005,0.003,0.023,0.002,0.002,0.002,0.003,0.005,0.016,0.013,0.01,0.001,0.019,0.006,0.007,0.004,0.01,0.002,0,0.017,0,0.002,0.003,0.001,0,0.009,0.004,0.004,0.001,0.005,0.001,0,0.001,0.002,0.003,0.003,0.002,0.001,0.003,0.001,0,0.002,0.001,0.003,0,0.001,0,0.001,0.001,0.001,0.001,0.007,0.001,0.002,0,0.003,0,0.004,0,0,0.001,0,0.001,0,0,0,0,0.001,0,0,0,0.006,0.001,0.004,0,0,0.002,0.003,0.001,0,0,0.001,0,0,0,0,0,0,0,0.001,0,0,0.01,0.002,0,0,0,0,0,0,0.001,0,0,0.002,7
712.0,175.0,1.0,0.013,0.035,0.009,0.085,0.015,0.019,0.02,0.02,0.01,0.007,0.003,0.031,0,0.002,0.003,0.003,0.007,0.023,0.018,0.014,0.001,0.026,0.008,0.01,0.005,0.014,0.003,0,0.024,0,0.002,0.005,0,0.001,0.012,0.005,0.006,0.001,0.009,0.002,0,0,0.001,0.004,0.003,0.002,0.001,0.003,0.001,0,0.001,0.001,0.005,0.002,0.002,0,0,0.001,0.001,0.001,0.01,0.002,0.003,0.001,0.005,0.001,0.005,0,0.001,0.001,0.001,0.002,0.002,0.004,0.002,0.002,0.001,0.002,0.001,0.001,0.008,0.002,0.005,0.001,0,0.002,0.004,0.001,0.001,0.001,0.001,0.001,0,0,0,0.001,0.001,0.001,0.002,0.001,0.004,0.014,0.001,0.001,0.001,0.001,0.001,0,0.001,0.002,0.001,0.001,0.007,5
338.0,84.0,2.0,0.002,0.005,0,0.001,0,0,0,0,0,0.011,0.002,0.003,0,0,0.009,0,0.004,0,0,0,0.001,0,0.001,0.006,0.004,0.001,0.001,0.006,0,0.007,0.01,0,0.001,0.009,0,0,0,0.008,0.001,0.027,0.005,0.009,0.001,0.001,0.013,0,0.001,0.001,0.005,0.008,0.002,0.039,0.09,0.026,0.051,0.015,0.009,0.022,0.025,0.019,0.014,0.01,0.001,0.018,0.022,0.012,0,0.005,0.001,0.001,0.001,0,0.001,0.003,0.001,0.001,0,0,0.007,0,0.002,0.001,0.001,0.002,0,0.001,0,0,0.002,0.001,0,0.001,0.001,0.002,0,0,0.001,0.008,0.001,0.001,0,0,0,0.008,0.011,0.008,0.007,0.005,0.006,0.015,0.008,0.008,0.001,1
327.0,78.0,6.0,0.001,0.006,0,0,0,0,0,0,0,0.013,0.002,0.003,0,0,0.013,0.002,0.006,0,0,0.001,0,0,0,0.009,0.006,0.001,0.001,0.001,0,0.011,0.014,0,0.001,0.013,0,0,0.001,0.008,0.001,0.04,0.001,0.001,0.001,0.001,0.016,0,0,0.001,0.006,0.01,0.001,0.054,0.129,0.008,0.073,0.018,0.017,0.032,0.036,0.028,0.021,0.013,0,0.026,0.031,0.013,0.004,0.009,0.001,0.001,0.001,0,0.001,0.002,0.001,0.001,0.001,0,0.001,0.001,0,0,0.001,0.002,0.001,0,0,0,0.005,0.002,0.001,0.002,0.001,0.003,0.001,0.001,0.001,0.001,0.003,0,0,0,0,0.001,0.002,0.001,0.001,0.001,0.001,0.002,0.001,0.001,0.001,2
554.0,122.0,15.0,0,0.007,0.001,0.006,0.001,0.002,0.001,0.001,0.001,0.017,0.001,0.001,0,0.001,0.016,0,0.008,0.002,0.001,0.001,0,0,0.001,0.012,0.007,0.002,0.002,0.002,0.002,0.011,0.017,0.001,0.003,0.014,0,0,0,0.009,0.002,0.05,0.002,0.003,0.005,0.002,0.02,0.001,0.001,0.003,0.007,0.011,0.007,0.068,0.164,0.006,0.093,0.023,0.017,0.042,0.047,0.036,0.03,0.016,0.001,0.033,0.039,0.016,0,0.01,0.005,0.004,0.004,0.001,0.003,0.01,0.004,0.005,0,0,0.003,0.001,0,0,0,0.002,0.001,0,0,0,0.004,0.002,0.001,0.002,0.001,0.004,0.001,0.001,0.002,0.003,0.002,0.008,0.003,0.002,0.001,0.003,0.004,0.003,0.003,0.002,0.002,0.006,0.003,0.003,0.003,2
688.0,161.0,6.0,0.001,0.002,0.001,0.003,0.001,0.002,0.001,0.001,0.001,0.002,0.001,0.002,0.002,0.001,0.001,0,0.001,0.001,0.001,0.001,0.002,0.001,0,0.001,0.001,0.001,0,0,0.001,0.001,0.001,0,0,0.001,0.001,0,0.001,0.001,0,0.003,0,0,0.001,0,0.002,0.001,0,0.001,0.001,0.001,0.001,0.005,0.011,0.001,0.006,0.002,0.001,0.003,0.003,0.002,0.002,0.001,0.004,0.002,0.003,0.001,0.002,0.001,0.001,0,0,0.003,0,0.001,0,0.001,0,0.002,0,0,0.005,0.002,0.002,0,0,0.001,0.001,0.002,0.001,0,0,0,0,0.001,0,0,0,0,0,0,0.001,0.001,0,0,0,0,0,0,0,0,0,0,0,3
353.0,87.0,4.0,0.001,0.004,0,0.003,0,0.001,0.001,0,0,0.01,0.002,0.001,0.001,0,0.01,0.002,0.005,0.001,0.001,0,0,0.001,0,0.007,0.004,0,0.001,0.001,0.001,0.009,0.011,0,0.001,0.01,0,0,0.001,0.006,0.001,0.031,0.001,0.001,0.001,0.001,0.012,0,0.001,0.001,0.005,0.008,0.002,0.042,0.101,0.006,0.057,0.014,0.015,0.025,0.028,0.022,0.016,0.01,0.001,0.02,0.024,0.01,0.005,0.008,0.001,0.001,0.001,0,0.001,0.002,0.001,0.001,0.001,0,0.001,0.002,0.001,0.001,0.001,0.004,0.002,0.001,0,0,0.01,0.003,0.001,0.004,0.003,0.007,0.002,0.002,0.003,0.001,0.005,0.002,0,0.001,0,0.001,0.001,0.001,0.001,0,0,0.002,0.001,0.001,0.005,1
603.0,132.0,5.0,0,0.003,0,0.003,0,0.001,0.001,0.001,0,0.009,0.001,0,0,0,0.009,0,0.004,0.001,0.001,0,0,0.001,0,0.006,0.004,0,0.001,0,0.001,0.007,0.01,0,0,0.009,0,0,0,0.006,0.001,0.028,0,0,0,0.001,0.011,0,0,0,0.004,0.007,0,0.038,0.091,0.007,0.052,0.013,0.01,0.023,0.025,0.02,0.015,0.009,0,0.018,0.022,0.009,0.001,0.006,0,0,0,0,0,0,0,0,0,0,0,0,0,0,0,0,0,0,0,0,0,0,0,0,0,0,0,0,0,0,0,0.001,0,0,0,0,0,0,0,0,0,0,0,0,0.001,3
186.0,48.0,3.0,0.001,0,0.001,0.011,0.002,0.003,0.003,0.003,0.001,0.01,0.001,0.002,0.001,0,0.011,0.001,0.004,0.003,0.002,0.001,0,0.003,0.001,0.007,0.004,0.001,0.001,0.001,0.003,0.008,0.012,0.001,0,0.011,0.002,0.001,0.001,0.007,0.001,0.035,0.001,0.001,0,0,0.013,0,0.001,0,0.005,0.008,0.001,0.047,0.113,0.007,0.064,0.016,0.011,0.028,0.031,0.025,0.017,0.011,0.001,0.023,0.028,0.011,0,0.006,0.001,0,0,0,0,0.001,0,0,0,0.001,0.001,0,0.001,0,0,0.001,0.001,0,0.001,0.001,0.004,0.001,0.001,0.002,0.001,0.003,0.001,0.001,0.001,0.001,0.002,0.001,0.001,0.002,0,0.001,0.001,0.001,0.001,0.001,0,0.002,0.001,0.001,0.001,1
158.0,38.0,2.0,0,0.003,0,0.007,0.001,0.002,0.002,0.001,0.001,0.013,0.002,0.001,0,0,0.014,0,0.006,0.002,0.002,0.001,0.001,0.002,0.001,0.009,0.006,0.001,0.001,0.001,0.002,0.01,0.015,0.001,0.001,0.014,0.001,0,0,0.009,0.002,0.044,0.001,0.002,0.001,0.001,0.017,0,0.001,0.001,0.007,0.011,0.003,0.059,0.142,0.006,0.08,0.02,0.015,0.035,0.039,0.031,0.022,0.014,0,0.029,0.034,0.014,0.001,0.009,0.002,0.001,0.001,0,0.001,0.004,0.001,0.002,0,0,0.002,0,0.001,0.001,0,0.001,0.001,0.001,0.001,0,0.002,0.001,0,0.001,0.001,0.002,0,0,0.001,0.002,0.001,0.003,0.001,0.001,0,0.002,0.003,0.002,0.002,0.001,0.001,0.004,0.002,0.002,0.001,1
496.0,124.0,9.0,0.002,0.005,0.002,0.001,0,0,0,0.001,0,0.008,0.002,0.004,0.001,0.001,0.007,0.001,0.004,0,0,0.001,0,0.001,0,0.006,0.004,0.001,0,0.001,0,0.006,0.008,0,0.002,0.008,0.001,0.001,0.001,0.006,0.001,0.023,0.001,0.001,0.003,0.001,0.009,0,0,0.002,0.004,0.006,0.005,0.031,0.073,0.008,0.042,0.011,0.009,0.018,0.02,0.016,0.012,0.008,0,0.015,0.018,0.008,0.001,0.005,0.003,0.002,0.003,0.001,0.002,0.007,0.002,0.004,0.001,0.001,0.001,0.001,0.001,0,0.001,0.001,0,0,0,0.001,0.001,0,0,0,0,0,0,0,0,0.001,0.001,0.001,0,0,0,0.001,0.001,0.001,0.001,0.001,0.001,0.002,0.001,0.001,0.001,1
484.0,112.0,6.0,0,0.004,0.001,0.001,0.001,0,0,0,0,0.011,0.001,0,0,0,0.011,0,0.005,0,0,0,0,0.001,0,0.008,0.004,0.001,0,0,0,0.007,0.012,0,0.002,0.01,0,0,0,0.007,0.001,0.034,0,0,0.002,0.001,0.014,0,0,0.001,0.005,0.008,0.003,0.046,0.111,0.008,0.063,0.016,0.011,0.028,0.031,0.024,0.019,0.011,0,0.022,0.027,0.011,0,0.006,0.002,0.002,0.002,0.001,0.001,0.004,0.002,0.002,0,0,0.001,0.001,0,0,0,0.001,0.001,0,0,0,0.003,0.001,0,0.002,0.001,0.003,0,0.001,0.001,0.001,0.002,0,0.001,0.001,0,0,0.001,0,0,0,0,0.001,0,0.001,0.001,2
169.0,41.0,1.0,0,0.002,0.001,0.006,0.001,0.001,0.002,0.001,0.001,0.012,0.002,0.001,0,0,0.012,0,0.005,0.002,0.001,0.001,0,0.002,0.001,0.008,0.005,0.001,0.001,0.002,0.002,0.009,0.013,0.001,0,0.012,0.001,0.001,0,0.007,0.002,0.039,0.002,0.003,0,0.001,0.015,0,0.001,0,0.006,0.009,0,0.052,0.126,0.003,0.071,0.018,0.013,0.031,0.035,0.028,0.02,0.012,0,0.025,0.031,0.012,0,0.007,0,0,0,0,0,0.001,0,0,0,0,0.003,0,0,0,0,0.002,0.001,0,0,0,0.003,0.001,0.001,0.002,0.001,0.003,0,0.001,0.001,0.003,0.001,0.002,0,0.001,0,0.003,0.004,0.003,0.003,0.002,0.002,0.006,0.003,0.003,0.002,1
574.0,132.0,7.0,0.002,0.005,0.001,0.005,0.003,0.005,0.001,0.001,0.002,0.004,0.001,0.003,0.001,0.001,0.003,0.003,0.002,0.002,0.001,0.001,0.005,0.002,0.001,0.003,0.002,0.003,0.001,0,0.001,0.004,0.003,0.001,0.001,0.003,0.001,0.001,0.002,0.002,0,0.008,0,0,0.001,0.001,0.003,0.002,0.001,0.002,0.002,0.002,0.002,0.01,0.025,0.001,0.014,0.004,0.007,0.006,0.007,0.005,0.005,0.003,0.008,0.005,0.006,0.003,0.009,0.003,0.001,0.001,0.001,0.007,0.001,0.002,0.001,0.001,0.001,0,0,0.002,0.011,0.005,0.006,0.005,0.003,0.003,0.002,0,0.009,0.003,0.001,0.003,0.002,0.006,0.002,0.002,0.003,0,0.004,0,0.001,0.001,0.001,0,0.001,0,0,0,0,0.001,0,0,0.001,3
215.0,53.0,2.0,0.003,0.009,0.001,0.01,0.002,0.002,0.002,0.002,0.001,0.01,0.002,0.006,0,0,0.008,0,0.005,0.003,0.002,0.002,0,0.003,0.002,0.007,0.004,0.003,0.001,0.007,0.003,0.006,0.009,0.001,0,0.007,0.002,0.001,0.001,0.007,0.002,0.023,0.006,0.01,0,0.001,0.012,0,0.001,0,0.004,0.007,0,0.033,0.077,0.028,0.044,0.013,0.008,0.019,0.021,0.016,0.013,0.009,0.001,0.015,0.018,0.011,0,0.005,0,0,0,0,0,0,0,0,0,0,0.007,0,0.002,0,0.001,0.002,0,0,0,0,0.001,0.001,0,0.001,0.001,0.002,0,0,0.001,0.009,0.001,0.001,0.002,0.002,0.001,0.009,0.012,0.009,0.008,0.006,0.006,0.017,0.009,0.01,0.001,1
767.0,176.0,6.0,0.001,0.004,0.001,0.001,0,0,0,0,0,0.008,0.002,0.002,0.002,0,0.008,0.002,0.004,0,0,0,0,0,0,0.005,0.004,0,0.001,0,0,0.007,0.008,0,0.001,0.008,0,0,0.001,0.005,0.001,0.024,0,0,0.002,0.001,0.01,0,0,0.001,0.004,0.006,0.003,0.032,0.078,0.006,0.044,0.011,0.011,0.019,0.021,0.017,0.012,0.008,0.001,0.016,0.019,0.008,0.003,0.006,0.002,0.001,0.001,0,0.001,0.004,0.001,0.002,0.001,0.001,0,0.001,0.001,0,0.001,0.002,0.001,0,0,0.001,0.006,0.002,0.001,0.002,0.001,0.004,0.001,0.001,0.002,0,0.003,0.002,0,0,0,0,0,0,0,0,0,0,0,0,0.001,2
1256.0,299.0,18.0,0.007,0.006,0.008,0,0.001,0.002,0,0.003,0.001,0,0.007,0.014,0.001,0.004,0,0,0,0,0,0.001,0.002,0.007,0.001,0.001,0.002,0.001,0.001,0,0,0.003,0,0,0.012,0.005,0.002,0.003,0.002,0.004,0.002,0.001,0,0,0.017,0.001,0,0,0.001,0.011,0.003,0.003,0.026,0,0.001,0,0,0.001,0.002,0.002,0.002,0.001,0.004,0,0.003,0.001,0,0,0.002,0,0.017,0.013,0.014,0.007,0.012,0.035,0.013,0.018,0.002,0.002,0.001,0.003,0.003,0.002,0.002,0.001,0,0,0.001,0.001,0,0,0,0,0,0.001,0,0.001,0,0,0,0,0,0,0,0,0,0,0,0,0,0,0,0,0.001,3
2850.0,638.0,39.0,0.004,0.006,0.005,0.006,0.002,0.003,0.001,0.003,0.002,0.001,0.004,0.009,0.001,0.002,0,0,0.001,0.002,0.001,0.002,0.003,0.005,0.001,0.001,0.002,0.002,0,0,0.002,0.002,0,0,0.006,0.003,0.002,0.002,0.002,0.002,0.001,0,0,0,0.009,0,0,0.001,0,0.007,0.002,0.002,0.014,0,0,0,0,0,0.001,0.001,0.001,0,0.001,0,0.004,0,0,0,0.002,0,0.009,0.007,0.007,0.006,0.006,0.018,0.007,0.009,0.002,0,0,0.001,0.005,0.003,0.003,0.001,0,0.001,0.002,0.001,0.001,0,0,0.001,0,0.001,0,0,0,0,0,0,0.002,0.001,0.001,0,0,0,0,0,0,0,0,0,0,5
894.0,206.0,17.0,0.016,0.01,0.019,0.009,0.001,0.002,0.002,0.004,0,0.001,0.018,0.031,0.001,0.009,0,0.001,0,0.002,0.002,0.002,0,0.014,0.001,0.002,0.005,0,0.001,0,0.003,0.007,0.001,0.002,0.032,0.012,0.004,0.006,0.005,0.009,0.004,0.003,0,0,0.043,0.002,0.001,0.001,0.001,0.028,0.008,0.009,0.069,0.002,0.003,0.001,0.001,0.003,0.004,0.004,0.005,0.001,0.011,0.001,0.003,0.002,0.001,0,0.001,0.001,0.043,0.033,0.036,0.012,0.031,0.091,0.033,0.047,0.006,0.001,0.003,0.007,0.005,0.001,0.002,0.001,0,0.003,0.001,0.001,0.001,0,0,0.001,0.001,0.001,0.001,0.002,0,0.001,0.001,0.002,0,0.004,0,0,0,0,0,0,0,0.001,0,0,0.001,3
2720.0,585.0,29.0,0.009,0.007,0.01,0,0.001,0.001,0,0.003,0.001,0,0.009,0.018,0,0.005,0,0.001,0,0.001,0,0.002,0.001,0.009,0.001,0.002,0.003,0.001,0.001,0,0,0.004,0.001,0,0.016,0.006,0.003,0.003,0.003,0.005,0.002,0.001,0,0,0.022,0.001,0.001,0,0.001,0.015,0.004,0.005,0.035,0.001,0.001,0,0.001,0.001,0.002,0.002,0.002,0,0.005,0,0.001,0.001,0,0,0,0.001,0.022,0.017,0.018,0.007,0.016,0.046,0.017,0.024,0.003,0.001,0.001,0.003,0.001,0,0,0,0,0.001,0.001,0,0,0,0,0.001,0.001,0.001,0,0.001,0,0,0,0.001,0,0.001,0,0,0,0,0,0,0,0,0,0,0.001,4
2047.0,443.0,13.0,0.009,0.009,0.01,0.004,0.001,0.001,0.001,0.004,0.001,0,0.009,0.018,0,0.005,0,0,0.001,0.002,0.001,0.002,0,0.009,0.002,0.002,0.003,0.002,0.001,0,0.001,0.004,0.001,0,0.015,0.006,0.003,0.003,0.003,0.005,0.002,0.001,0,0,0.021,0,0.001,0,0.001,0.014,0.004,0.004,0.033,0.001,0.001,0.001,0,0.001,0.002,0.002,0.002,0.001,0.004,0,0.001,0.001,0,0,0.001,0.001,0.021,0.016,0.017,0.006,0.015,0.043,0.016,0.022,0.003,0.001,0.002,0.003,0.002,0,0.001,0,0,0.001,0.001,0,0,0,0,0,0,0.001,0,0.001,0,0,0,0,0,0,0,0,0,0,0,0,0,0,0,0,0,3
1220.0,267.0,14.0,0.009,0.007,0.011,0.003,0,0.001,0.001,0.003,0,0.001,0.01,0.019,0.001,0.006,0,0.001,0,0,0.001,0.001,0,0.009,0.001,0.001,0.003,0,0.001,0,0.001,0.004,0,0.001,0.018,0.007,0.003,0.003,0.003,0.005,0.003,0.001,0,0,0.025,0.001,0,0.001,0.001,0.016,0.005,0.005,0.039,0.001,0,0,0,0.001,0.002,0.003,0.003,0.001,0.006,0,0.002,0.001,0,0,0.002,0,0.025,0.019,0.02,0.006,0.017,0.052,0.019,0.027,0.003,0.002,0.001,0.004,0.004,0.001,0.002,0,0,0.002,0,0.001,0.001,0,0,0.001,0.001,0.002,0,0.001,0.001,0,0,0.001,0,0.002,0,0,0,0,0,0,0,0,0,0,0.001,3
1795.0,440.0,16.0,0.009,0.008,0.011,0,0.001,0.001,0,0.003,0.001,0,0.01,0.019,0,0.005,0,0,0,0,0,0.002,0.002,0.009,0.001,0.002,0.003,0.001,0.001,0,0,0.004,0.001,0,0.017,0.007,0.003,0.004,0.003,0.005,0.002,0.001,0,0,0.023,0.001,0.001,0,0.001,0.016,0.004,0.005,0.037,0.001,0.001,0.001,0,0.001,0.003,0.002,0.003,0.001,0.005,0,0.001,0.001,0,0,0.001,0.001,0.023,0.018,0.019,0.008,0.016,0.049,0.018,0.025,0.003,0.002,0.001,0.004,0.001,0.001,0.001,0.001,0.001,0,0.001,0,0.001,0,0,0,0,0,0.001,0.001,0,0,0.001,0,0,0.001,0,0,0,0,0,0,0,0.001,0,0,0.002,3
976.0,213.0,11.0,0.009,0.01,0.01,0.009,0.002,0.003,0.002,0.005,0.002,0,0.008,0.019,0,0.005,0,0,0.001,0.003,0.002,0.003,0,0.011,0.002,0.002,0.003,0.002,0,0,0.003,0.003,0.001,0,0.014,0.005,0.004,0.003,0.003,0.004,0.001,0,0,0,0.02,0.001,0.001,0,0.001,0.013,0.004,0.004,0.031,0,0.001,0.001,0.001,0.001,0.001,0.002,0.002,0.001,0.003,0,0.001,0.001,0,0,0.001,0,0.019,0.015,0.016,0.006,0.014,0.041,0.015,0.021,0.003,0,0.001,0.003,0.002,0,0.001,0,0,0,0.001,0.001,0.001,0,0,0.001,0.001,0.001,0,0,0.001,0.001,0.001,0.001,0.001,0.001,0,0,0.001,0.001,0.001,0,0,0.001,0.001,0.001,0.003,3
1346.0,320.0,17.0,0.009,0.007,0.011,0.003,0,0.001,0.001,0.003,0,0.001,0.01,0.019,0.005,0.007,0,0.001,0,0,0.001,0.001,0,0.009,0.001,0.001,0.003,0,0.001,0,0.001,0.004,0.001,0.001,0.018,0.007,0.003,0.003,0.003,0.005,0.003,0.001,0,0,0.025,0.001,0.001,0.001,0.001,0.016,0.005,0.005,0.04,0.001,0.001,0,0,0.001,0.002,0.003,0.003,0.001,0.006,0,0.001,0.001,0.001,0,0.001,0.001,0.025,0.019,0.02,0.007,0.018,0.053,0.019,0.027,0.003,0.004,0.002,0.004,0.003,0.001,0.001,0,0,0.002,0,0.004,0,0,0,0,0,0.001,0,0.001,0,0,0,0,0.001,0.002,0,0,0,0,0,0,0,0,0,0,0.001,3
1112.0,235.0,12.0,0.01,0.008,0.012,0,0.001,0,0,0.004,0,0,0.011,0.021,0.001,0.006,0,0.001,0,0,0,0.002,0.001,0.01,0.001,0.002,0.003,0.001,0.001,0.001,0,0.004,0.001,0.001,0.019,0.007,0.003,0.004,0.003,0.006,0.002,0.001,0.001,0.001,0.026,0.001,0.001,0.001,0.001,0.017,0.005,0.006,0.042,0.001,0,0.003,0,0.002,0.002,0.003,0.003,0.001,0.006,0,0.003,0.001,0,0,0.002,0,0.026,0.02,0.022,0.006,0.019,0.055,0.02,0.028,0.003,0.001,0.003,0.004,0.005,0.001,0.002,0,0,0.002,0,0,0.001,0,0,0.001,0.001,0.002,0,0.001,0.001,0.001,0.001,0.001,0,0.001,0,0.001,0.001,0.001,0.001,0.001,0.001,0.002,0.001,0.001,0.002,3
1152.0,266.0,16.0,0.01,0.008,0.012,0.003,0.002,0.004,0.001,0.003,0.002,0,0.011,0.02,0.001,0.006,0,0,0,0,0,0.002,0.007,0.009,0.001,0.001,0.004,0.003,0,0,0.001,0.005,0.001,0.001,0.019,0.007,0.003,0.004,0.004,0.005,0.002,0.001,0,0.001,0.026,0.001,0,0.002,0.001,0.018,0.005,0.005,0.041,0,0,0.001,0,0.001,0.003,0.003,0.003,0.001,0.006,0,0.01,0.001,0,0,0.007,0.001,0.025,0.02,0.021,0.016,0.018,0.054,0.02,0.028,0.004,0.001,0.001,0.005,0.013,0.007,0.008,0.002,0.001,0.003,0.004,0.002,0.001,0,0,0,0.001,0.001,0.001,0.001,0,0.001,0.001,0.002,0,0.001,0,0,0.001,0.001,0.001,0,0,0.001,0.001,0.001,0,3
1671.0,395.0,15.0,0.013,0.011,0.015,0.001,0.001,0,0,0.005,0.001,0.001,0.014,0.027,0,0.008,0,0.001,0,0.001,0,0.003,0,0.013,0.002,0.002,0.004,0.001,0.001,0,0,0.005,0.001,0.001,0.024,0.009,0.004,0.005,0.004,0.007,0.003,0.002,0,0,0.033,0.001,0.001,0.001,0.001,0.021,0.006,0.007,0.052,0.001,0.001,0.001,0,0.002,0.003,0.003,0.004,0.001,0.007,0,0.003,0.001,0,0,0.002,0.001,0.033,0.025,0.027,0.009,0.023,0.069,0.025,0.036,0.004,0.001,0.002,0.005,0.004,0.001,0.002,0,0,0.002,0.001,0.001,0,0,0,0.001,0.001,0.002,0.001,0.001,0,0.001,0,0.001,0,0.001,0,0,0,0,0,0,0,0.001,0,0,0,4
1043.0,252.0,15.0,0.01,0.009,0.012,0.003,0.001,0.001,0.001,0.004,0.001,0,0.01,0.02,0.001,0.006,0,0,0.001,0.001,0.001,0.002,0.001,0.01,0.001,0.002,0.003,0.002,0.001,0,0.001,0.004,0.001,0,0.018,0.007,0.003,0.004,0.003,0.005,0.002,0.001,0,0,0.025,0.001,0.001,0,0.001,0.016,0.005,0.005,0.039,0.001,0,0,0,0.001,0.002,0.003,0.003,0.001,0.005,0,0.001,0.001,0,0,0,0.001,0.024,0.019,0.02,0.007,0.017,0.051,0.019,0.026,0.003,0.001,0.001,0.004,0.002,0,0.001,0.001,0,0.001,0.001,0.001,0.001,0,0,0,0,0,0.001,0.001,0,0,0,0.001,0.001,0.001,0,0,0,0,0,0,0,0.001,0,0,0,3
1271.0,311.0,14.0,0.009,0.006,0.01,0.003,0.001,0.001,0.001,0.003,0.001,0,0.009,0.017,0.001,0.005,0,0.001,0,0,0.001,0.001,0.002,0.008,0.001,0.001,0.003,0.001,0.003,0,0.001,0.004,0,0,0.017,0.006,0.002,0.003,0.003,0.005,0.006,0.001,0,0,0.023,0,0,0,0.001,0.015,0.004,0.005,0.036,0,0,0,0,0.001,0.002,0.002,0.003,0.001,0.005,0,0.002,0.001,0,0,0.001,0,0.023,0.017,0.019,0.009,0.016,0.048,0.017,0.024,0.003,0,0.002,0.004,0.003,0.002,0.002,0.001,0,0,0.001,0.002,0.001,0,0,0.001,0.001,0.002,0.001,0.001,0.001,0,0,0.005,0,0.001,0,0,0,0,0,0,0,0,0,0,0.001,3
519.0,112.0,6.0,0.002,0.005,0.002,0,0.011,0.025,0.001,0,0.009,0.006,0.001,0.004,0.005,0.001,0,0.002,0.001,0.001,0.001,0.001,0.035,0.001,0.002,0.001,0.005,0.012,0.001,0,0,0.002,0.001,0.001,0.002,0.002,0,0.002,0.007,0,0.001,0.001,0,0,0.005,0,0,0.013,0.001,0.011,0,0,0.003,0,0,0.001,0,0,0.002,0,0,0,0,0,0.061,0.001,0,0.001,0.041,0.001,0.001,0.002,0.002,0.047,0.002,0.003,0.001,0.001,0.005,0.002,0,0.003,0.086,0.041,0.047,0.008,0.004,0.022,0.016,0.006,0.006,0.001,0.001,0.003,0.003,0.006,0.001,0,0.002,0.001,0.002,0.001,0.001,0.003,0.001,0,0.001,0.001,0,0,0,0.001,0,0.001,0.001,4
119.0,29.0,1.0,0.002,0,0.001,0.022,0.019,0.047,0.004,0.005,0.015,0.011,0.001,0.004,0.002,0.002,0.001,0.004,0,0.005,0.004,0.002,0.073,0.007,0.001,0.002,0.009,0.022,0.001,0,0.006,0.004,0,0.001,0.001,0.002,0.004,0.002,0.012,0.001,0,0.001,0,0.001,0.004,0.001,0.001,0.026,0.004,0.018,0.002,0.001,0.002,0.001,0.002,0.001,0.001,0.001,0.007,0,0,0,0.002,0.001,0.131,0.002,0.001,0.002,0.09,0.001,0.002,0,0.001,0.097,0,0.003,0.002,0.002,0.009,0.012,0,0.007,0.181,0.083,0.098,0.02,0.01,0.044,0.032,0.001,0.005,0,0,0.002,0.003,0.006,0.002,0.002,0.001,0.001,0,0.002,0,0.004,0,0,0,0.001,0,0,0,0,0,0,0.004,1
793.0,181.0,8.0,0.001,0.005,0.001,0,0.01,0.022,0.001,0,0.007,0.006,0.001,0.006,0.028,0.008,0,0.003,0.001,0.001,0.001,0.001,0.031,0,0.001,0.001,0.005,0.011,0,0,0,0.003,0.001,0.001,0.001,0.002,0,0.002,0.006,0,0,0.001,0,0,0.003,0,0,0.012,0.004,0.009,0,0,0.001,0.001,0.002,0,0.001,0,0.005,0.001,0.001,0.001,0.001,0,0.064,0.001,0.001,0.001,0.041,0,0,0.001,0.001,0.041,0.001,0.001,0,0,0.004,0.027,0,0.004,0.078,0.034,0.04,0.01,0.005,0.018,0.014,0.028,0.002,0.003,0.002,0.003,0.002,0.001,0.001,0.001,0.001,0,0.002,0,0,0.003,0,0,0,0,0,0,0,0,0,0,0,3
994.0,210.0,6.0,0.002,0.006,0.001,0.004,0.007,0.013,0.001,0.001,0.005,0.004,0.001,0.004,0.001,0.002,0.001,0.004,0.001,0.001,0.001,0.001,0.018,0.001,0.001,0.001,0.003,0.007,0,0.001,0.001,0.003,0.001,0.001,0.001,0.001,0.001,0.002,0.004,0.001,0.001,0.001,0.001,0.001,0.003,0.001,0.001,0.007,0.002,0.006,0.001,0.001,0.002,0.001,0.003,0.003,0.001,0.001,0.006,0.001,0.001,0,0.001,0.001,0.032,0.001,0,0.001,0.026,0.002,0.001,0.001,0.001,0.024,0.001,0.002,0,0.001,0.003,0.005,0.001,0.003,0.043,0.02,0.023,0.009,0.005,0.011,0.008,0.002,0.009,0.004,0.002,0.004,0.002,0.006,0.002,0.003,0.003,0.001,0.005,0.001,0,0.003,0,0.001,0.002,0.001,0.001,0.001,0.001,0.002,0.001,0.001,0,4
1191.0,239.0,12.0,0.002,0.006,0.002,0.009,0.007,0.013,0.002,0.002,0.005,0.004,0.001,0.005,0.003,0.001,0,0.001,0.001,0.003,0.002,0.002,0.016,0.003,0.002,0.001,0.003,0.007,0,0,0.003,0.001,0.001,0.001,0.001,0.001,0.001,0.001,0.004,0,0.001,0,0,0,0.003,0,0.001,0.006,0.001,0.005,0,0,0.002,0,0,0.001,0,0,0.001,0,0,0,0.001,0,0.027,0,0,0.001,0.018,0,0.001,0.001,0.001,0.021,0.001,0.001,0,0.001,0.002,0,0,0.001,0.038,0.019,0.021,0.004,0.002,0.01,0.008,0.003,0.003,0.001,0,0.002,0.001,0.003,0,0,0.001,0,0.001,0,0,0.003,0,0,0,0,0,0,0,0.001,0,0,0,4
521.0,119.0,5.0,0.003,0.009,0.002,0.007,0.014,0.03,0.002,0.002,0.011,0.007,0.001,0.006,0.007,0.001,0,0.002,0.002,0.003,0.002,0.002,0.04,0.003,0.002,0.001,0.006,0.015,0.001,0,0.003,0.002,0.001,0.002,0.001,0.002,0.001,0.002,0.008,0,0.001,0,0,0,0.005,0,0,0.015,0.002,0.012,0,0,0.002,0.001,0.002,0.001,0.001,0,0.003,0,0,0,0.001,0,0.07,0.001,0.001,0.001,0.047,0.001,0,0.002,0.001,0.054,0.001,0.001,0,0,0.005,0.002,0,0.004,0.097,0.046,0.053,0.01,0.005,0.025,0.019,0.007,0.005,0.001,0.001,0.003,0.002,0.006,0.001,0.001,0.002,0.001,0.002,0,0.001,0.005,0,0,0,0,0,0,0,0.001,0,0,0.003,2
445.0,101.0,5.0,0.002,0.007,0.002,0.006,0.01,0.02,0.002,0.002,0.007,0.005,0.001,0.005,0.002,0.001,0,0.003,0.001,0.002,0.002,0.002,0.026,0.002,0.002,0.001,0.004,0.011,0,0,0.002,0.003,0.001,0.001,0.001,0.001,0.001,0.002,0.006,0,0,0.001,0,0,0.003,0.001,0,0.01,0.002,0.008,0,0,0.002,0,0,0.001,0,0,0.004,0,0,0,0.001,0,0.047,0.001,0,0.001,0.034,0.001,0.001,0.001,0.001,0.035,0.001,0.002,0,0.001,0.004,0.003,0,0.003,0.064,0.03,0.035,0.009,0.005,0.016,0.013,0.002,0.003,0.001,0.001,0.001,0,0.001,0.002,0.002,0.001,0,0.002,0,0,0.004,0,0,0,0,0,0,0,0.001,0,0,0.001,2
205.0,46.0,3.0,0.001,0.003,0,0.001,0.001,0.003,0.002,0.001,0.003,0.001,0,0.03,0.266,0.059,0,0.001,0,0.001,0.001,0.001,0.005,0,0.001,0.001,0.003,0.001,0,0,0.001,0.003,0.001,0.001,0,0.001,0,0,0.006,0,0.001,0,0,0,0.001,0,0,0.003,0.014,0.001,0.001,0,0.001,0,0,0,0.001,0,0,0,0,0,0.001,0,0.079,0,0.001,0,0.007,0.008,0,0,0,0.002,0,0.001,0.001,0.001,0.004,0.198,0,0.003,0.013,0.011,0.007,0.008,0.004,0.008,0.007,0.259,0.006,0.012,0.009,0.012,0.013,0,0.006,0.006,0.003,0.001,0.005,0.001,0,0.002,0,0,0,0,0,0,0,0,0,0,0,1
361.0,82.0,4.0,0.002,0.009,0.001,0.009,0.017,0.034,0.003,0.002,0.012,0.008,0,0.004,0.008,0,0.001,0.001,0.002,0.003,0.003,0.002,0.044,0.002,0.003,0.001,0.006,0.017,0.001,0,0.003,0.001,0.001,0.002,0.001,0.001,0.001,0.002,0.009,0.001,0.002,0,0,0.001,0.002,0,0,0.017,0.001,0.011,0.001,0.001,0.003,0.001,0.002,0.002,0.001,0.001,0.001,0,0,0,0.002,0,0.077,0.001,0.001,0.001,0.05,0.002,0.003,0.001,0.002,0.058,0.001,0.005,0.003,0.003,0.005,0.001,0.001,0.003,0.108,0.051,0.058,0.009,0.005,0.028,0.021,0.009,0.012,0.003,0.002,0.005,0.004,0.01,0,0.001,0.003,0.001,0.005,0,0.001,0.006,0,0,0.001,0.001,0.001,0,0.001,0.001,0.001,0.001,0.008,2
767.0,170.0,6.0,0.003,0.01,0.002,0.014,0.008,0.015,0.003,0.003,0.006,0.005,0.001,0.007,0.004,0.001,0.001,0.005,0.002,0.004,0.003,0.003,0.017,0.004,0.002,0.002,0.004,0.009,0,0.001,0.004,0.004,0.001,0.002,0.001,0.001,0.002,0.002,0.005,0.001,0,0,0.001,0.001,0.002,0.001,0.001,0.007,0.003,0.005,0.001,0,0.001,0,0,0.002,0,0,0.007,0,0,0,0.002,0,0.028,0.001,0.001,0.001,0.026,0.003,0,0.001,0,0.022,0,0,0,0,0.004,0,0.001,0.004,0.04,0.019,0.021,0.011,0.006,0.011,0.009,0.003,0.014,0.005,0.002,0.006,0.004,0.01,0.003,0.004,0.004,0.001,0.007,0.001,0,0.004,0.001,0.001,0.001,0.001,0.001,0.001,0.001,0.002,0.001,0.001,0,4
1087.0,243.0,11.0,0,0.003,0,0.011,0.013,0.031,0.002,0.002,0.01,0.007,0,0.002,0.027,0.008,0.001,0.004,0,0.002,0.001,0.001,0.048,0.004,0.001,0.001,0.006,0.015,0,0,0.003,0.003,0,0.001,0,0.002,0.002,0.002,0.008,0.001,0,0.001,0,0,0.003,0,0.001,0.018,0.005,0.012,0.001,0,0,0.001,0.001,0,0.001,0,0.006,0,0,0,0.001,0,0.095,0.001,0.001,0.002,0.062,0.001,0.001,0.001,0,0.064,0,0.001,0.001,0.001,0.006,0.029,0,0.005,0.12,0.053,0.063,0.014,0.008,0.028,0.021,0.027,0.001,0.003,0.001,0.002,0.001,0,0.002,0.002,0,0,0.002,0.001,0,0.003,0,0,0,0,0,0,0,0,0,0,0,4
491.0,115.0,7.0,0.001,0.005,0,0.003,0.01,0.022,0,0.001,0.008,0.006,0,0.001,0.003,0.002,0,0.005,0.001,0,0,0,0.032,0.001,0.001,0,0.005,0.012,0,0.001,0.001,0.004,0.001,0.002,0,0.001,0.001,0.002,0.007,0,0.001,0.001,0.001,0.001,0.002,0.001,0,0.012,0.004,0.008,0,0,0.001,0,0.001,0.002,0.001,0,0.008,0,0,0,0.001,0,0.059,0.001,0,0.002,0.046,0.002,0.001,0,0.001,0.043,0,0.002,0.001,0.001,0.005,0.009,0.001,0.005,0.08,0.037,0.043,0.014,0.008,0.019,0.015,0.004,0.012,0.005,0.002,0.005,0.003,0.008,0.003,0.004,0.004,0.001,0.007,0.001,0,0.003,0,0.001,0.001,0.001,0.001,0.001,0.001,0.002,0.001,0.001,0.001,2
190.0,45.0,1.0,0.002,0.009,0,0.004,0,0.001,0.001,0.001,0.001,0.002,0,0.005,0.038,0.01,0.001,0.019,0.001,0.001,0.001,0.001,0.002,0.001,0,0.001,0.003,0.004,0.001,0,0.001,0.016,0,0.004,0,0.002,0.001,0.003,0.004,0,0.002,0,0,0,0.001,0.003,0,0,0.011,0,0.003,0.001,0.001,0,0,0,0.001,0.001,0.031,0.001,0.001,0.001,0,0,0.009,0,0.001,0,0.036,0.015,0.001,0.001,0.001,0.002,0.001,0.002,0.001,0.001,0.005,0.034,0,0.014,0.002,0.005,0.004,0.033,0.02,0.003,0.001,0.048,0.088,0.032,0.015,0.038,0.027,0.067,0.013,0.017,0.027,0.002,0.043,0.002,0,0,0,0,0,0,0,0,0,0,0,0,0.001,2
266.0,67.0,2.0,0.003,0.008,0.001,0.001,0.002,0.003,0,0,0.002,0.004,0.001,0.002,0.008,0.001,0.001,0.016,0.001,0,0,0.001,0.004,0.001,0.002,0.001,0.003,0.005,0.011,0,0,0.015,0.001,0.006,0.002,0.002,0,0.004,0.005,0.001,0.023,0.001,0,0.001,0.003,0.006,0,0.002,0.008,0.003,0.003,0.001,0.004,0.001,0.003,0.001,0.001,0.001,0.027,0,0,0,0.003,0,0.005,0.001,0,0.001,0.035,0.013,0.002,0.002,0.002,0.006,0.002,0.005,0.002,0.002,0.006,0,0.001,0.013,0.009,0.003,0.005,0.03,0.017,0.001,0.002,0.001,0.073,0.025,0.011,0.029,0.02,0.054,0.012,0.016,0.022,0.002,0.036,0.032,0,0.002,0,0.001,0.001,0,0.001,0.001,0,0.001,0.001,0.001,0.002,2
798.0,178.0,8.0,0.001,0.007,0,0.001,0,0,0,0,0.001,0.002,0,0,0.005,0,0,0.017,0,0,0,0.001,0,0,0,0.001,0.002,0.003,0.001,0.001,0,0.014,0.001,0.003,0,0.001,0,0.002,0.004,0,0.002,0,0.001,0.002,0.001,0.003,0,0,0.008,0,0.003,0.001,0.001,0,0.001,0.004,0.001,0.001,0.027,0.001,0.001,0.001,0,0,0.001,0,0.001,0.001,0.032,0.014,0,0,0,0,0,0.001,0,0.001,0.005,0.001,0.001,0.012,0.001,0.002,0.001,0.031,0.018,0.001,0,0.004,0.077,0.026,0.012,0.031,0.022,0.058,0.012,0.016,0.024,0.004,0.038,0.002,0.001,0,0,0.002,0.002,0.001,0.001,0.001,0.001,0.003,0.002,0.002,0,2
758.0,168.0,4.0,0.002,0.011,0,0.002,0.001,0,0,0,0.002,0.004,0,0,0.012,0,0.002,0.025,0.001,0.001,0,0.001,0,0,0,0.001,0.004,0.005,0.002,0.001,0,0.022,0.001,0.005,0,0.003,0,0.004,0.007,0,0.002,0.001,0.001,0.001,0,0.004,0,0,0.012,0,0.004,0.001,0,0.002,0.005,0.003,0.002,0.001,0.042,0,0,0,0.001,0,0.003,0.002,0,0,0.048,0.022,0,0,0,0,0,0,0,0,0.008,0.002,0.001,0.019,0.002,0.002,0.001,0.046,0.027,0.002,0.001,0.002,0.118,0.039,0.018,0.047,0.033,0.089,0.019,0.024,0.036,0.002,0.058,0.005,0.001,0,0,0.001,0.002,0.001,0.001,0.001,0.001,0.002,0.001,0.001,0.001,3
509.0,120.0,6.0,0.001,0.007,0.001,0.003,0.001,0.001,0.001,0.001,0,0.002,0,0.001,0.007,0.003,0,0.021,0,0.001,0.001,0,0.001,0.001,0.001,0,0.003,0.003,0.001,0,0.001,0.018,0,0.004,0,0.002,0,0.003,0.005,0,0.002,0.001,0,0,0.001,0.003,0.001,0,0.011,0,0.003,0.001,0.001,0.001,0.002,0,0.002,0,0.035,0.001,0.002,0.001,0.001,0.001,0.002,0,0.001,0,0.041,0.017,0.001,0,0,0,0,0.001,0,0.001,0.006,0.011,0,0.016,0,0.003,0.001,0.038,0.022,0.002,0,0.018,0.098,0.033,0.015,0.04,0.028,0.074,0.015,0.02,0.03,0.002,0.048,0.003,0.001,0.001,0,0,0,0,0,0,0,0,0,0,0.001,3
441.0,103.0,4.0,0,0.003,0,0.001,0,0.001,0,0,0.001,0.001,0,0.001,0.003,0,0,0.009,0,0,0,0,0.001,0.001,0,0,0.001,0.002,0.001,0,0,0.007,0,0.001,0,0.001,0,0.001,0.002,0,0,0.001,0,0,0,0.001,0,0,0.004,0,0.001,0,0,0.001,0.002,0.001,0.001,0.001,0.014,0,0,0,0,0,0.002,0.001,0,0,0.018,0.007,0,0,0,0.002,0,0,0,0,0.003,0,0,0.006,0.003,0.001,0.001,0.016,0.009,0,0.001,0.001,0.04,0.013,0.006,0.016,0.011,0.03,0.006,0.008,0.012,0.001,0.02,0.002,0,0,0,0,0,0,0,0,0,0,0,0,0,3
604.0,138.0,7.0,0.002,0.011,0,0.002,0.001,0.002,0,0,0.001,0.003,0,0.001,0.008,0.001,0.001,0.029,0.001,0,0,0.001,0.004,0,0,0.001,0.003,0.004,0.002,0.001,0,0.025,0.001,0.005,0.001,0.003,0,0.004,0.007,0.001,0.003,0,0.001,0.001,0.001,0.005,0.001,0.001,0.014,0.001,0.004,0.001,0.001,0,0.001,0.003,0.002,0,0.048,0.001,0.002,0.001,0,0.001,0.008,0,0.002,0,0.052,0.025,0.001,0.001,0.001,0.005,0.001,0.002,0.001,0.001,0.009,0.002,0.001,0.021,0.01,0.007,0.006,0.052,0.031,0.004,0.001,0.008,0.137,0.045,0.021,0.055,0.038,0.103,0.022,0.028,0.042,0.002,0.067,0.005,0.002,0.001,0.001,0.001,0.002,0.001,0.001,0.001,0.001,0.002,0.001,0.001,0,2
531.0,116.0,4.0,0.001,0.008,0,0.001,0.001,0.003,0,0,0,0.002,0,0.001,0.015,0.005,0.001,0.021,0,0,0,0,0.003,0.001,0,0,0.003,0.003,0.001,0.001,0,0.018,0,0.004,0,0.002,0,0.003,0.004,0.001,0.002,0.001,0.001,0.001,0.001,0.003,0.001,0.001,0.011,0.001,0.003,0.001,0.001,0.001,0.002,0.002,0.002,0,0.035,0.001,0.002,0.001,0,0.001,0,0,0.001,0,0.038,0.017,0.001,0.001,0.001,0.004,0.001,0.001,0.001,0.001,0.006,0.017,0.001,0.016,0.007,0.006,0.005,0.038,0.022,0.004,0.002,0.026,0.101,0.034,0.016,0.042,0.029,0.076,0.015,0.02,0.031,0.002,0.049,0.003,0.001,0.001,0.001,0.001,0.001,0.001,0.001,0,0.001,0.002,0.001,0.001,0.002,2
431.0,95.0,7.0,0.001,0.008,0,0.003,0,0.001,0.001,0.001,0.001,0.003,0,0.001,0.006,0.001,0.001,0.022,0,0.001,0.001,0,0.002,0.001,0,0,0.003,0.004,0.001,0,0.001,0.019,0.001,0.004,0,0.002,0,0.003,0.006,0,0.003,0,0,0.001,0,0.003,0,0.001,0.011,0.001,0.003,0.001,0,0,0.001,0.001,0,0.001,0.036,0.001,0.001,0.001,0,0,0.003,0.001,0.001,0.001,0.045,0.018,0,0,0,0.003,0,0,0,0,0.007,0.003,0,0.017,0.004,0,0.002,0.041,0.024,0,0.001,0.006,0.102,0.034,0.015,0.041,0.028,0.076,0.016,0.021,0.031,0.003,0.05,0.002,0,0.001,0,0.001,0.001,0,0,0,0,0.001,0,0,0,2
284.0,60.0,3.0,0.001,0.008,0,0.002,0.001,0.001,0,0,0.002,0.003,0,0.001,0.009,0,0,0.02,0,0,0,0,0.003,0.001,0,0,0.003,0.005,0,0,0.001,0.017,0,0.004,0,0.002,0,0.003,0.006,0,0.003,0,0,0,0,0.003,0,0.001,0.01,0.001,0.003,0.001,0,0,0.001,0,0.001,0,0.033,0.001,0.001,0.001,0,0,0.003,0,0.001,0,0.042,0.017,0,0,0,0.004,0,0,0,0,0.007,0,0,0.015,0.006,0.001,0.003,0.038,0.022,0,0.002,0.002,0.094,0.031,0.014,0.038,0.026,0.071,0.015,0.019,0.029,0.002,0.047,0.001,0.002,0,0,0,0,0,0,0,0,0,0,0,0,1
572.0,142.0,7.0,0.002,0.009,0,0.004,0.001,0.001,0.001,0.001,0.001,0.003,0.001,0,0.002,0.002,0.001,0.026,0,0.001,0.001,0,0,0.001,0,0,0.004,0.004,0,0,0.001,0.023,0.001,0.005,0.001,0.003,0,0.004,0.006,0,0.006,0,0,0,0.001,0.004,0,0,0.013,0.001,0.004,0.001,0.002,0,0,0,0.001,0.001,0.043,0.001,0.001,0.001,0.001,0,0,0.001,0.001,0,0.05,0.022,0.001,0.001,0.001,0,0.001,0.003,0.001,0.001,0.008,0.006,0,0.02,0.001,0.003,0.001,0.048,0.028,0.002,0,0.012,0.122,0.041,0.019,0.049,0.034,0.091,0.019,0.025,0.037,0.003,0.06,0,0.001,0.001,0,0.001,0,0,0,0,0,0.001,0,0,0.001,2
434.0,99.0,3.0,0.001,0.008,0.001,0.003,0,0.001,0.001,0.001,0.001,0.003,0,0.002,0.004,0.001,0.001,0.022,0,0.001,0.001,0,0.003,0.001,0,0,0.003,0.005,0,0,0.001,0.019,0.001,0.004,0.001,0.002,0,0.003,0.006,0,0.005,0,0,0.001,0.001,0.004,0,0.001,0.011,0,0.003,0.001,0.001,0,0.001,0.001,0,0.001,0.036,0.001,0.001,0.001,0,0,0.005,0.001,0.001,0.001,0.045,0.018,0.001,0.001,0.001,0.004,0,0.002,0.001,0.001,0.007,0.004,0.001,0.016,0.007,0.001,0.003,0.04,0.023,0,0.001,0.007,0.1,0.033,0.015,0.04,0.028,0.075,0.016,0.021,0.031,0.003,0.049,0.001,0.002,0,0,0.001,0.001,0,0.001,0.001,0,0.001,0.001,0.001,0.001,1
548.0,146.0,10.0,0.003,0.012,0,0.026,0.006,0.007,0.006,0.005,0.003,0.007,0.001,0.006,0.001,0.001,0.003,0.002,0.005,0.007,0.006,0.004,0.001,0.006,0.005,0.005,0.002,0.007,0.021,0.001,0.007,0.003,0.003,0.008,0.004,0.001,0.003,0.003,0.001,0,0.036,0.007,0.001,0.001,0.005,0.009,0.004,0.002,0,0.002,0.001,0,0.008,0.009,0.023,0.002,0.013,0.003,0.003,0.008,0.008,0.005,0.015,0.003,0.002,0.004,0.004,0.002,0.001,0.002,0.006,0.004,0.004,0.001,0.004,0.012,0.004,0.006,0.001,0.001,0.002,0,0,0.002,0,0.002,0.001,0.002,0.002,0.001,0.003,0.002,0.001,0.001,0.001,0.001,0.001,0.001,0,0.002,0.001,0.063,0.002,0.009,0,0.001,0.002,0.002,0.001,0.001,0.001,0.003,0.002,0.002,0.003,18
609.0,151.0,16.0,0.002,0.012,0,0.006,0.002,0.002,0.001,0.001,0.001,0.003,0,0.007,0.001,0.001,0,0.007,0.006,0.002,0.001,0.005,0,0.001,0.007,0.001,0.001,0.005,0.018,0,0.002,0.001,0,0.007,0,0.001,0.001,0.002,0,0,0.052,0,0,0,0,0.024,0.001,0.002,0,0,0.001,0,0.001,0,0,0,0,0,0,0,0,0,0.006,0,0,0,0,0,0.001,0,0,0,0,0.001,0,0.001,0,0,0.001,0,0,0,0.001,0,0.001,0,0,0,0,0.001,0,0,0,0.001,0,0.001,0.001,0.001,0.001,0,0.001,0.08,0.154,0.007,0.036,0,0,0,0,0,0,0,0,0,0.001,18
393.0,111.0,5.0,0.006,0.016,0.003,0.034,0.01,0.013,0.008,0.008,0.006,0.006,0.001,0.013,0.003,0.002,0.002,0.002,0.004,0.009,0.008,0.006,0.006,0.01,0.006,0.004,0.003,0.01,0.016,0.001,0.01,0.001,0.001,0.007,0.001,0,0.005,0.004,0.003,0,0.026,0,0.001,0.001,0,0.007,0.002,0.004,0.001,0.002,0.001,0,0.003,0,0,0.001,0,0,0,0.002,0.002,0,0.01,0.001,0.012,0,0.001,0,0.006,0,0.002,0.001,0.002,0.008,0.002,0.005,0.002,0.002,0.002,0.003,0,0,0.014,0.008,0.007,0.002,0.001,0.005,0.005,0.003,0.002,0,0,0.001,0.001,0.002,0.001,0,0.001,0,0.002,0.049,0.002,0.01,0.001,0,0.001,0,0,0,0,0.001,0,0,0.003,14
984.0,261.0,22.0,0.004,0.01,0.002,0.016,0.005,0.005,0.004,0.004,0.002,0.005,0,0.007,0,0,0.001,0.002,0.004,0.004,0.003,0.003,0.001,0.005,0.007,0.002,0.001,0.006,0.03,0,0.004,0.002,0,0.01,0,0,0.002,0.004,0.001,0,0.055,0.001,0,0.001,0,0.012,0.001,0.002,0,0.001,0.001,0,0.001,0,0,0.001,0,0,0.001,0.001,0.001,0,0.01,0,0.002,0,0.001,0,0.001,0.001,0.001,0,0,0.001,0.001,0.002,0.001,0.001,0.002,0.001,0,0,0.001,0.002,0.001,0.001,0,0.001,0.001,0.001,0.001,0.001,0,0.001,0.001,0.002,0.001,0.001,0.001,0,0.001,0.092,0.022,0.009,0.004,0,0.001,0,0,0,0,0.001,0,0,0.001,17
740.0,213.0,12.0,0.002,0.007,0.002,0.01,0.003,0.004,0.002,0.003,0.002,0.001,0.001,0.006,0.001,0.001,0.001,0.003,0.002,0.003,0.002,0.003,0.002,0.003,0.002,0.001,0.001,0.003,0.003,0,0.003,0.001,0.001,0,0.001,0.001,0.002,0.001,0.001,0.001,0.001,0.001,0,0,0.002,0.005,0.001,0.001,0.001,0.002,0.001,0,0.002,0.001,0.002,0,0.001,0,0.002,0,0,0,0.001,0,0.003,0.001,0,0,0.004,0.001,0.001,0.001,0.001,0.003,0.001,0.002,0.001,0.001,0.001,0.001,0,0.001,0.004,0.002,0.002,0.002,0.001,0.001,0.001,0.002,0.004,0.001,0.001,0.002,0.001,0.003,0.001,0.001,0.001,0,0.002,0,0.044,0.002,0.011,0,0,0,0,0,0,0,0,0,0.001,18
423.0,109.0,7.0,0.003,0.007,0,0.007,0.003,0.003,0.002,0.002,0.001,0.006,0,0.003,0,0,0,0.002,0.004,0.002,0.002,0.001,0,0.002,0.008,0.001,0.001,0.005,0.047,0,0.002,0.003,0,0.014,0.001,0,0.001,0.005,0,0,0.083,0,0,0.001,0.001,0.015,0,0.002,0,0,0.001,0,0.001,0,0.001,0.001,0.001,0,0,0.001,0.002,0,0.014,0,0.001,0,0,0,0.001,0,0.001,0,0,0,0.001,0.002,0.001,0.001,0.002,0,0,0,0.001,0,0.001,0.002,0,0,0,0,0.002,0.002,0,0,0,0.001,0.002,0.003,0,0,0,0.136,0.005,0.011,0.001,0,0,0,0,0,0,0.001,0,0,0.001,15
280.0,76.0,6.0,0.004,0.009,0.002,0.02,0.005,0.006,0.005,0.005,0.003,0.002,0.001,0.008,0.001,0.001,0.002,0.002,0.002,0.005,0.004,0.003,0.001,0.006,0.002,0.003,0.002,0.004,0.001,0,0.006,0.001,0.001,0.001,0,0.001,0.003,0.002,0.002,0,0.002,0,0,0,0.001,0.001,0.001,0.001,0.001,0.001,0.001,0,0,0.001,0.002,0,0.001,0,0.003,0.001,0.001,0,0.003,0.001,0.002,0,0,0,0.003,0.001,0,0,0,0.002,0,0,0,0,0.001,0.001,0,0.001,0.002,0.002,0.001,0.003,0.002,0.002,0.002,0.001,0.006,0.002,0.001,0.002,0.002,0.004,0.001,0.001,0.002,0,0.002,0,0.002,0.003,0.001,0,0,0,0,0,0,0,0,0,0.008,13
812.0,205.0,1.0,0.001,0.019,0.001,0.009,0.001,0.001,0.002,0.002,0.001,0.001,0,0.009,0,0.002,0,0.017,0.012,0.001,0.002,0.011,0,0.003,0.009,0.001,0,0.004,0.008,0,0.002,0,0.001,0.001,0,0.003,0.001,0.001,0.001,0,0.046,0.001,0,0,0,0.05,0.001,0.001,0,0.001,0.001,0,0.001,0,0,0,0,0,0,0.002,0.002,0,0.003,0,0.001,0,0.001,0,0.001,0,0,0,0,0.003,0,0,0,0,0.001,0,0,0,0.001,0,0,0.001,0,0.001,0.001,0,0,0.001,0,0,0,0,0,0.001,0,0,0,0.053,0.455,0.004,0.108,0,0,0,0,0,0,0,0,0,0,11
1225.0,330.0,29.0,0.004,0.012,0.003,0.022,0.005,0.007,0.005,0.005,0.003,0.003,0.001,0.01,0,0.001,0.001,0.002,0.003,0.006,0.005,0.004,0.002,0.007,0.004,0.003,0.002,0.006,0.007,0.001,0.006,0.001,0.001,0.004,0,0,0.003,0.002,0.002,0.001,0.014,0,0,0.001,0.001,0.006,0.001,0.002,0,0.002,0.001,0,0,0,0,0.001,0,0,0,0.001,0.001,0,0.005,0.001,0.004,0,0.001,0,0.002,0,0,0,0,0.003,0,0,0,0,0.001,0,0,0,0.004,0.003,0.002,0.001,0.001,0.002,0.002,0.001,0,0,0,0,0,0,0,0,0,0,0,0.025,0.025,0.006,0.006,0.001,0.001,0,0,0,0,0.001,0,0.001,0.001,24
122.0,29.0,2.0,0.002,0.002,0.001,0.018,0.001,0.001,0.004,0.004,0.002,0.012,0,0.003,0,0,0.002,0.001,0.008,0.005,0.004,0.003,0.002,0.005,0.018,0.002,0.001,0.007,0.136,0,0.005,0.009,0.002,0.037,0.001,0.001,0.002,0.011,0.002,0,0.239,0.003,0,0,0.001,0.039,0.002,0.005,0.001,0,0.002,0,0.002,0.003,0.005,0.001,0.002,0.001,0.003,0.001,0.001,0.001,0.033,0.001,0.001,0.002,0.001,0.001,0,0.003,0.001,0.001,0.002,0.002,0.001,0.002,0.001,0.002,0.007,0,0,0,0.003,0.003,0.002,0.004,0.001,0.001,0.001,0,0,0.005,0.001,0.002,0.002,0.006,0.006,0.007,0.002,0,0.002,0.387,0.001,0.023,0.007,0,0,0,0,0,0,0,0,0,0,7
1016.0,222.0,7.0,0.002,0.004,0,0.002,0,0,0,0,0,0.005,0,0.003,0,0,0,0.001,0,0,0,0,0,0.001,0.002,0.001,0.001,0.001,0,0.022,0.001,0,0.003,0,0,0.001,0,0.001,0.001,0.007,0,0.003,0.02,0.033,0,0,0.006,0,0.004,0,0.002,0.003,0,0.003,0.002,0.072,0.001,0.007,0.001,0.002,0.002,0.002,0.003,0.003,0,0.001,0.001,0.011,0.002,0.001,0,0,0,0,0,0,0,0,0,0,0.025,0,0,0.001,0.001,0.008,0,0.001,0,0,0.001,0,0,0,0,0.001,0,0,0,0.03,0,0,0,0,0,0.028,0.04,0.029,0.028,0.02,0.021,0.058,0.03,0.032,0,4
774.0,169.0,5.0,0.003,0.006,0,0.001,0.001,0.001,0,0,0,0.006,0,0.005,0.001,0,0,0.001,0,0.001,0,0,0,0,0.002,0,0.001,0.002,0,0.024,0,0,0.003,0.001,0,0.001,0,0.002,0,0.008,0,0.004,0.021,0.035,0,0,0.006,0,0.004,0,0.002,0.004,0,0.003,0.003,0.077,0.002,0.007,0.001,0.002,0.003,0.002,0.003,0.003,0,0.002,0.001,0.011,0.002,0.001,0,0,0,0,0,0.001,0,0.001,0,0,0.026,0,0,0.001,0.001,0.008,0,0,0,0,0.002,0,0,0,0,0.001,0,0,0,0.032,0,0.001,0,0.001,0,0.03,0.043,0.031,0.03,0.022,0.022,0.062,0.032,0.034,0,3
386.0,85.0,5.0,0.002,0.004,0.001,0.002,0,0.001,0,0.001,0,0.005,0,0.002,0,0,0,0.001,0,0,0,0,0,0.001,0.002,0,0.001,0.001,0,0.022,0.001,0,0.003,0,0,0.001,0,0.001,0.001,0.007,0,0.002,0.02,0.032,0.001,0,0.006,0,0.004,0.001,0.002,0.003,0.001,0.004,0.001,0.071,0.001,0.007,0.001,0.001,0.001,0.001,0.002,0.003,0,0.001,0,0.011,0.002,0.001,0,0.001,0,0.001,0,0.001,0,0,0,0,0.024,0,0.001,0.001,0.001,0.008,0,0.001,0,0,0.002,0,0,0,0,0.002,0,0,0,0.029,0,0,0,0,0,0.028,0.039,0.028,0.027,0.02,0.02,0.057,0.03,0.032,0.001,2
749.0,155.0,10.0,0.003,0.006,0,0.001,0,0,0,0,0,0.007,0,0.005,0,0,0.001,0.001,0,0,0,0,0,0.001,0.003,0.001,0.001,0.001,0,0.029,0,0,0.003,0,0,0.001,0,0.002,0.001,0.009,0,0.004,0.027,0.043,0,0,0.007,0,0.005,0,0.002,0.004,0,0.003,0.004,0.095,0.002,0.009,0.001,0.003,0.003,0.003,0.004,0.004,0,0.002,0.002,0.014,0.002,0.001,0,0,0,0.001,0,0,0,0,0,0,0.033,0,0.001,0.001,0.001,0.01,0,0.001,0,0,0.002,0,0,0,0,0.002,0,0,0.001,0.04,0.001,0,0,0.001,0,0.037,0.053,0.038,0.037,0.027,0.027,0.077,0.04,0.043,0,3
804.0,179.0,7.0,0.002,0.003,0,0.001,0,0,0,0,0,0.004,0,0.003,0,0,0,0.001,0,0,0,0,0,0.001,0.002,0,0.001,0.001,0,0.019,0,0,0.002,0,0,0,0,0.001,0.001,0.006,0,0.002,0.017,0.027,0,0,0.005,0,0.003,0,0.002,0.003,0,0.003,0.001,0.061,0,0.006,0.001,0.001,0.002,0.001,0.002,0.003,0,0.001,0.001,0.009,0.001,0.001,0,0,0,0,0,0,0,0,0,0,0.021,0,0,0.001,0,0.006,0,0,0,0,0.002,0,0,0,0,0.002,0,0,0.001,0.025,0.001,0,0,0,0,0.024,0.034,0.024,0.023,0.017,0.017,0.049,0.025,0.027,0.001,3
910.0,201.0,5.0,0.002,0.006,0,0.001,0,0.001,0,0,0,0.006,0,0.004,0.001,0,0,0.001,0,0,0,0,0.001,0,0.002,0,0.002,0.002,0,0.024,0,0.001,0.003,0.001,0,0,0,0.002,0,0.008,0.001,0.002,0.022,0.035,0,0,0.007,0,0.005,0,0.002,0.004,0,0.004,0.001,0.078,0.001,0.008,0.002,0.001,0.001,0.001,0.002,0.004,0.001,0.001,0,0.012,0.006,0,0,0,0,0.001,0,0,0,0,0.001,0,0.027,0.001,0.001,0,0,0.011,0.002,0,0,0.001,0.004,0.002,0.001,0.002,0.001,0.003,0.001,0.001,0.001,0.033,0.003,0.001,0.001,0.001,0,0.03,0.043,0.031,0.03,0.022,0.022,0.062,0.033,0.035,0,4
517.0,106.0,7.0,0.002,0.004,0,0,0,0,0,0,0,0.005,0,0.003,0,0,0,0.001,0,0,0,0,0,0,0.002,0,0.001,0.001,0,0.02,0,0,0.003,0,0,0,0,0.001,0.001,0.007,0,0.001,0.018,0.029,0.001,0,0.006,0,0.004,0,0.002,0.003,0.001,0.004,0.003,0.065,0.002,0.007,0,0,0.001,0.001,0.001,0.003,0,0,0,0.01,0.002,0.001,0.001,0.001,0.001,0,0,0.001,0,0,0,0,0.022,0,0.001,0.001,0.001,0.007,0,0,0,0,0.002,0,0,0,0,0.001,0,0,0,0.027,0,0,0,0.001,0,0.025,0.036,0.026,0.025,0.018,0.018,0.052,0.027,0.029,0,1
556.0,115.0,8.0,0.002,0.004,0,0.002,0,0,0,0,0,0.006,0,0.003,0.001,0,0,0.001,0,0,0,0,0,0.001,0.002,0,0.001,0.001,0,0.024,0.001,0,0.003,0,0,0,0,0.001,0.001,0.008,0,0.002,0.022,0.035,0.001,0,0.006,0,0.004,0,0.002,0.004,0.001,0.004,0.001,0.078,0.001,0.008,0,0.001,0.001,0.001,0.002,0.004,0,0.001,0,0.012,0.002,0.001,0,0,0,0.001,0,0.001,0,0,0,0.001,0.027,0,0.001,0.001,0.001,0.009,0,0.001,0,0.001,0.001,0,0,0,0,0.001,0,0,0,0.032,0,0,0,0,0,0.03,0.043,0.031,0.03,0.022,0.022,0.062,0.033,0.035,0.001,3
659.0,130.0,4.0,0.002,0.004,0,0.001,0.001,0.001,0,0,0,0.003,0,0.003,0.001,0,0,0.001,0,0.001,0,0,0,0,0.001,0,0.001,0.001,0,0.01,0,0.001,0.002,0.001,0,0,0,0.001,0,0.004,0,0,0.01,0.015,0,0,0.003,0,0.002,0,0.001,0.002,0.001,0.003,0.003,0.035,0.002,0.004,0.002,0,0,0,0,0.002,0.001,0,0,0.006,0.004,0.001,0,0,0,0.001,0,0.001,0,0,0.001,0,0.012,0.001,0.001,0,0,0.006,0.001,0,0,0,0.005,0.002,0.001,0.002,0.001,0.003,0.001,0.001,0.001,0.014,0.003,0,0,0.001,0,0.013,0.019,0.014,0.013,0.01,0.01,0.027,0.014,0.015,0,3
742.0,154.0,8.0,0.002,0.003,0,0.002,0,0.001,0,0.001,0,0.005,0,0.002,0,0,0.001,0.001,0,0,0,0,0,0.001,0.002,0.001,0.001,0.001,0,0.02,0.001,0,0.002,0,0,0.001,0,0.001,0.001,0.006,0,0.003,0.018,0.03,0,0,0.005,0,0.004,0,0.002,0.003,0,0.002,0.002,0.066,0.001,0.006,0.001,0.002,0.002,0.002,0.003,0.003,0,0.001,0.001,0.01,0.001,0.001,0,0,0,0.001,0,0,0,0,0,0,0.023,0,0.001,0.001,0.001,0.007,0,0.001,0,0,0.002,0,0,0,0,0.002,0,0,0,0.028,0,0,0,0,0,0.026,0.037,0.026,0.025,0.019,0.019,0.053,0.028,0.029,0,3
714.0,149.0,5.0,0.002,0.004,0.001,0.003,0,0.001,0.001,0.001,0,0.005,0,0.002,0,0,0,0,0,0.001,0.001,0,0.001,0.001,0.002,0.001,0.001,0.001,0,0.021,0.001,0.001,0.003,0,0,0,0,0.001,0,0.007,0,0.002,0.019,0.03,0.001,0,0.005,0.001,0.004,0,0.002,0.003,0.001,0.003,0,0.068,0,0.007,0,0.001,0.001,0.001,0.002,0.003,0.003,0.001,0,0.01,0.005,0,0,0,0,0.002,0,0.001,0,0,0,0,0.023,0,0.004,0.001,0.002,0.009,0.001,0,0.001,0,0.001,0.001,0.001,0.001,0,0,0.001,0.001,0,0.028,0.001,0,0,0,0,0.026,0.037,0.027,0.026,0.019,0.019,0.054,0.028,0.03,0,3
990.0,245.0,22.0,0.004,0.01,0.003,0.02,0.005,0.006,0.005,0.005,0.003,0.002,0.002,0.01,0,0.001,0.001,0.001,0.002,0.006,0.004,0.004,0.001,0.007,0.002,0.003,0.002,0.004,0,0,0.006,0.001,0.001,0.001,0.002,0.001,0.003,0.002,0.002,0.001,0.001,0,0,0.001,0.003,0.001,0.001,0.001,0,0.003,0.001,0.001,0.004,0,0.001,0.001,0,0,0.001,0,0,0,0.002,0,0.002,0,0.001,0,0.001,0,0.002,0.002,0.002,0.002,0.002,0.005,0.002,0.002,0.001,0,0,0.001,0.002,0.002,0.001,0.001,0.001,0.001,0.002,0.001,0.001,0,0,0,0,0,0,0,0,0,0,0.001,0,0.004,0.001,0,0,0,0,0,0,0,0,0,0.004,32
3657.0,851.0,43.0,0.004,0.009,0.003,0.017,0.004,0.005,0.004,0.004,0.002,0.002,0.002,0.009,0,0.001,0.001,0.001,0.002,0.005,0.004,0.003,0.001,0.006,0.002,0.002,0.002,0.004,0,0.001,0.005,0.001,0.001,0.001,0.002,0.001,0.003,0.002,0.002,0.001,0,0,0.001,0.001,0.003,0.001,0.001,0.001,0.001,0.003,0.001,0.001,0.004,0.001,0.001,0.003,0,0.001,0.001,0,0,0,0.002,0.001,0.001,0,0.001,0,0.001,0.001,0.002,0.002,0.002,0.002,0.002,0.005,0.002,0.003,0.001,0,0.001,0.001,0.001,0.001,0,0.001,0.001,0.001,0.001,0,0.002,0.001,0,0.001,0.001,0.001,0,0,0,0.001,0.001,0.001,0.002,0.003,0.001,0.001,0.001,0.001,0.001,0.001,0.001,0.002,0.001,0.001,0.001,44
3073.0,758.0,46.0,0.005,0.013,0.004,0.026,0.006,0.007,0.006,0.007,0.003,0.003,0.002,0.012,0.002,0.002,0.002,0.002,0.003,0.007,0.006,0.005,0.001,0.009,0.003,0.003,0.002,0.005,0.001,0.001,0.007,0.001,0.001,0.002,0.002,0.001,0.004,0.002,0.002,0.001,0.001,0,0.001,0.001,0.003,0.002,0.002,0.001,0.001,0.003,0.001,0.001,0.003,0.001,0.001,0.002,0.001,0.001,0.001,0.001,0.001,0,0.003,0.001,0.002,0,0.001,0,0.001,0.001,0.002,0.002,0.001,0.002,0.001,0.003,0.001,0.002,0.001,0.001,0.001,0.001,0.001,0.002,0,0.001,0.001,0.001,0.002,0.002,0.002,0.001,0.001,0.001,0.001,0.001,0,0,0,0.001,0.001,0.004,0.003,0.005,0.001,0.001,0.001,0.001,0.001,0,0,0.001,0.001,0.001,0.004,37
2619.0,612.0,28.0,0.005,0.01,0.003,0.02,0.007,0.006,0.005,0.006,0.003,0.003,0.002,0.01,0,0.002,0.003,0.001,0.003,0.006,0.004,0.004,0.002,0.007,0.002,0.003,0.002,0.005,0.001,0.001,0.006,0.001,0.001,0.002,0.001,0.001,0.003,0.002,0.002,0.001,0,0.001,0.001,0.001,0.002,0.001,0.002,0.001,0.001,0.002,0.002,0.001,0.003,0.001,0.002,0.002,0.001,0.001,0.001,0.001,0.001,0,0.003,0.001,0.002,0.001,0,0.001,0.002,0.001,0.001,0.001,0.001,0.002,0.001,0.003,0.001,0.001,0.001,0,0.001,0,0.002,0.003,0.001,0.001,0.001,0.002,0.002,0,0.001,0,0,0,0,0.001,0,0,0,0.001,0,0.003,0.001,0.004,0.001,0.001,0.001,0.001,0.001,0.001,0.001,0.001,0.001,0.001,0.022,42
2859.0,704.0,50.0,0.004,0.009,0.003,0.018,0.004,0.005,0.004,0.004,0.002,0.002,0.001,0.008,0,0.001,0.001,0.001,0.002,0.005,0.004,0.003,0.001,0.006,0.002,0.003,0.002,0.004,0,0.001,0.005,0.001,0.001,0.001,0.001,0.001,0.003,0.002,0.002,0.001,0,0.001,0.001,0.001,0.002,0.001,0.002,0.001,0.001,0.002,0.001,0.001,0.003,0.002,0.003,0.003,0.002,0.001,0.001,0.001,0.001,0.001,0.003,0.001,0.002,0.001,0,0.001,0.001,0.001,0.002,0.001,0.001,0.002,0.001,0.003,0.001,0.002,0.001,0,0.001,0,0.001,0.002,0.001,0.001,0.001,0.001,0.002,0,0.001,0,0,0,0,0.001,0,0,0,0.001,0,0.002,0.002,0.003,0.001,0.001,0.001,0.001,0.001,0.001,0.001,0.002,0.001,0.001,0.002,40
2777.0,677.0,34.0,0.004,0.009,0.003,0.018,0.006,0.007,0.004,0.005,0.003,0.002,0.002,0.009,0,0.002,0.002,0.001,0.002,0.005,0.004,0.003,0.003,0.006,0.002,0.002,0.002,0.005,0,0,0.005,0.001,0.001,0.001,0.002,0.001,0.003,0.002,0.002,0.001,0.001,0,0,0.001,0.003,0.001,0.001,0.002,0.001,0.003,0.001,0.001,0.003,0,0,0.001,0,0,0.002,0,0,0,0.002,0.001,0.005,0,0.001,0,0.004,0.001,0.002,0.002,0.001,0.005,0.001,0.004,0.001,0.002,0.001,0.001,0,0.001,0.006,0.004,0.003,0.002,0.001,0.002,0.003,0,0.002,0.001,0.001,0.001,0.001,0.001,0,0,0,0,0.001,0.001,0,0.003,0.001,0,0,0,0,0,0,0,0,0,0.013,40
2612.0,654.0,24.0,0.005,0.012,0.003,0.024,0.006,0.007,0.006,0.006,0.003,0.003,0.002,0.011,0.001,0.001,0.002,0.002,0.003,0.007,0.005,0.005,0.002,0.008,0.003,0.004,0.003,0.005,0.001,0.001,0.007,0.001,0.002,0.002,0.001,0.001,0.004,0.002,0.002,0.001,0.001,0.002,0.001,0.001,0.002,0.002,0.002,0.001,0.001,0.003,0.001,0.001,0.003,0.003,0.007,0.003,0.004,0.002,0.002,0.002,0.002,0.001,0.004,0.001,0.002,0.002,0.001,0.001,0.002,0.001,0.001,0.001,0.001,0.003,0.001,0.003,0.001,0.001,0.001,0.001,0.001,0,0.002,0.003,0.001,0.001,0.001,0.002,0.002,0.001,0.001,0,0,0,0,0.001,0,0,0,0.001,0,0.002,0.008,0.004,0.003,0.001,0.001,0.001,0.001,0.001,0.001,0.002,0.001,0.001,0.005,30
3082.0,807.0,45.0,0.004,0.01,0.003,0.021,0.005,0.006,0.005,0.005,0.003,0.003,0.001,0.009,0,0.001,0.001,0.001,0.002,0.006,0.005,0.004,0.001,0.007,0.002,0.003,0.002,0.004,0,0,0.006,0.001,0.001,0.002,0.001,0.001,0.003,0.002,0.002,0.001,0,0.001,0,0.001,0.002,0.002,0.002,0.001,0.001,0.002,0.001,0.001,0.002,0.002,0.003,0.001,0.002,0.001,0.002,0.001,0.001,0.001,0.003,0.001,0.002,0.001,0,0.001,0.001,0.001,0.001,0.001,0.001,0.002,0.001,0.002,0.001,0.001,0.001,0,0,0.001,0.001,0.002,0,0.001,0.001,0.001,0.002,0,0.002,0.001,0,0.001,0.001,0.001,0,0,0,0,0.001,0.003,0.002,0.004,0.001,0,0,0,0,0,0,0.001,0,0,0.004,50
1670.0,407.0,25.0,0.02,0.003,0.001,0.005,0.062,0,0.001,0.013,0.001,0.002,0,0.016,0,0.011,0.034,0,0.012,0,0,0.002,0.002,0.002,0.002,0,0,0.002,0.008,0,0.001,0.001,0,0,0.001,0.013,0,0.011,0.001,0.001,0,0,0,0.001,0,0.001,0.001,0.002,0,0.001,0.016,0.001,0.001,0.001,0.001,0,0.001,0,0.002,0.001,0.001,0.001,0.002,0,0.001,0.001,0.001,0,0.002,0.001,0,0,0,0.001,0,0,0,0,0.001,0,0,0,0,0.002,0.002,0.001,0,0.003,0.001,0,0,0.001,0,0,0,0,0,0.001,0,0,0,0,0,0.001,0,0,0,0,0,0,0,0,0,0,0.483,44
3041.0,741.0,41.0,0.005,0.014,0.004,0.026,0.006,0.007,0.006,0.006,0.004,0.003,0.002,0.012,0,0.001,0.001,0.003,0.003,0.007,0.006,0.005,0.002,0.009,0.003,0.004,0.002,0.006,0.002,0.001,0.007,0.001,0.001,0.002,0.001,0.001,0.004,0.002,0.003,0.001,0,0.001,0.001,0.001,0.002,0.004,0.002,0.001,0.001,0.002,0.001,0.001,0.002,0.001,0.002,0.002,0.001,0.001,0.002,0.001,0.001,0,0.003,0.001,0.002,0.001,0.001,0.001,0.002,0.001,0.001,0.001,0.001,0.002,0.001,0.002,0.001,0.001,0.001,0,0.001,0.001,0.002,0.003,0.001,0.002,0.001,0.002,0.002,0,0.004,0.001,0.001,0.001,0.001,0.003,0.001,0.001,0.001,0.001,0.002,0.002,0.024,0.005,0.006,0.001,0.001,0.001,0.001,0.001,0,0.001,0.001,0.001,0,36
1464.0,388.0,28.0,0.003,0.006,0.002,0.011,0.003,0.003,0.003,0.003,0.002,0.002,0.001,0.006,0,0.001,0.001,0.001,0.001,0.003,0.002,0.002,0,0.004,0.001,0.002,0.001,0.002,0,0.001,0.003,0.001,0.001,0.001,0.001,0.001,0.002,0.001,0.001,0.001,0,0,0.001,0.002,0.002,0.001,0.001,0.001,0.001,0.002,0.001,0.001,0.003,0.001,0.001,0.004,0.001,0.001,0.001,0,0,0,0.001,0.001,0,0,0,0.001,0.001,0,0.002,0.001,0.002,0.001,0.001,0.004,0.001,0.002,0.001,0,0.001,0.001,0,0.001,0,0.001,0.001,0.001,0.001,0,0.002,0,0,0,0,0.001,0,0,0,0.002,0.001,0.002,0.001,0.002,0.001,0.002,0.002,0.002,0.001,0.001,0.001,0.003,0.002,0.002,0.007,35
3199.0,848.0,42.0,0.003,0.007,0.002,0.013,0.004,0.003,0.003,0.004,0.002,0.002,0.001,0.007,0.001,0.001,0.002,0.001,0.002,0.004,0.003,0.002,0,0.004,0.002,0.002,0.001,0.003,0.001,0.001,0.004,0.001,0.001,0.001,0.001,0.001,0.002,0.002,0.001,0.001,0.002,0,0.001,0.002,0.001,0.001,0.001,0.001,0.001,0.001,0.001,0.001,0.002,0.001,0.001,0.004,0,0.001,0.002,0,0,0,0.002,0.001,0,0,0,0.001,0.001,0.001,0.001,0.001,0.001,0,0.001,0.002,0.001,0.001,0.001,0,0.001,0.001,0.001,0,0.001,0.002,0.001,0,0.001,0.001,0.004,0.001,0.001,0.001,0.001,0.003,0.001,0.001,0.001,0.002,0.002,0.004,0.001,0.003,0.001,0.001,0.002,0.001,0.001,0.001,0.001,0.003,0.001,0.002,0.013,10
1581.0,363.0,21.0,0.003,0.005,0.002,0.011,0.003,0.003,0.003,0.003,0.001,0.001,0.001,0.005,0,0.001,0.001,0.001,0.001,0.003,0.002,0.002,0,0.004,0.001,0.001,0.001,0.002,0.001,0.001,0.003,0.001,0.001,0.001,0.001,0.001,0.002,0.001,0.001,0.001,0.001,0,0.001,0.001,0.001,0.001,0.001,0,0,0.001,0.001,0,0.002,0.001,0.001,0.002,0.001,0,0.001,0,0,0,0.002,0,0,0,0,0,0,0,0.001,0.001,0.001,0,0.001,0.002,0.001,0.001,0,0,0.001,0,0,0.001,0,0.001,0,0,0.001,0,0.001,0,0,0,0,0.001,0,0,0,0.001,0,0.003,0.001,0.002,0.001,0.001,0.001,0.001,0.001,0.001,0.001,0.001,0.001,0.001,0.008,10